impedance,max_phi
0.05,0.009972540140521617
0.1,0.009972540140521617
0.2,0.009972540140521617
